{
  "n_examples": 1000,
  "metrics": {
    "Always-Fast": {
      "accuracy": 0.746,
      "mean_reward": 0.9034226225796342,
      "std_reward": 0.1124152892470172,
      "mean_latency": 0.08912970042228699,
      "mean_guideline": 0.9427771,
      "n": 1000
    },
    "Always-Deep": {
      "accuracy": 0.765,
      "mean_reward": 0.9082737352693081,
      "std_reward": 0.10965702658579289,
      "mean_latency": 0.09201505279541015,
      "mean_guideline": 0.9430137999999999,
      "n": 1000
    },
    "Always-Graph": {
      "accuracy": 0.76,
      "mean_reward": 0.9067554263287783,
      "std_reward": 0.11039714160104319,
      "mean_latency": 0.12004937744140624,
      "mean_guideline": 0.9430352000000001,
      "n": 1000
    },
    "Random": {
      "accuracy": 0.759,
      "mean_reward": 0.9067091255512835,
      "std_reward": 0.11056914396086805,
      "mean_latency": 0.09603982782363892,
      "mean_guideline": 0.9429697,
      "n": 1000
    },
    "LinUCB Bandit": {
      "accuracy": 0.764,
      "mean_reward": 0.9080576804363727,
      "std_reward": 0.10981886851476458,
      "mean_latency": 0.08793712973594665,
      "mean_guideline": 0.9430010999999999,
      "n": 1000
    }
  },
  "statistical_tests": [
    {
      "baseline": "Always-Fast",
      "t_stat": 2.735,
      "p_value": 0.006348,
      "p_adjusted": 0.025392,
      "significant": "True",
      "ci_lower": 0.0016,
      "ci_upper": 0.008,
      "cohens_d": 0.0417,
      "bandit_mean": 0.9081,
      "baseline_mean": 0.9034
    },
    {
      "baseline": "Always-Deep",
      "t_stat": -0.4978,
      "p_value": 0.618724,
      "p_adjusted": 1.0,
      "significant": false,
      "ci_lower": -0.001,
      "ci_upper": 0.0006,
      "cohens_d": -0.002,
      "bandit_mean": 0.9081,
      "baseline_mean": 0.9083
    },
    {
      "baseline": "Always-Graph",
      "t_stat": 0.8435,
      "p_value": 0.399165,
      "p_adjusted": 1.0,
      "significant": false,
      "ci_lower": -0.0015,
      "ci_upper": 0.0043,
      "cohens_d": 0.0118,
      "bandit_mean": 0.9081,
      "baseline_mean": 0.9068
    },
    {
      "baseline": "Random",
      "t_stat": 1.0378,
      "p_value": 0.299594,
      "p_adjusted": 1.0,
      "significant": false,
      "ci_lower": -0.0012,
      "ci_upper": 0.0039,
      "cohens_d": 0.0122,
      "bandit_mean": 0.9081,
      "baseline_mean": 0.9067
    }
  ],
  "error_analysis": {
    "gold_distribution": {
      "yes": 552,
      "no": 338,
      "maybe": 110
    },
    "prediction_distribution": {
      "yes": 535,
      "no": 417,
      "maybe": 47,
      "abstain": 1
    },
    "accuracy_by_gold": {
      "yes": {
        "total": 552,
        "correct": 452,
        "accuracy": 0.8188405797101449
      },
      "no": {
        "total": 338,
        "correct": 297,
        "accuracy": 0.878698224852071
      },
      "maybe": {
        "total": 110,
        "correct": 15,
        "accuracy": 0.13636363636363635
      }
    },
    "confusion_matrix": {
      "yes": {
        "yes": 452,
        "no": 77,
        "maybe": 22,
        "abstain": 1
      },
      "no": {
        "yes": 31,
        "no": 297,
        "maybe": 10,
        "abstain": 0
      },
      "maybe": {
        "yes": 52,
        "no": 43,
        "maybe": 15,
        "abstain": 0
      }
    }
  },
  "arm_selection_early": {
    "0": 63,
    "1": 436,
    "2": 1
  },
  "arm_selection_late": {
    "1": 471,
    "0": 29
  }
}